username,password,first_name,last_name
ilytell0@skype.com,LEjEJE6kzf,Issie,Lytell
ggribbins1@nsw.gov.au,Cu5gKVdL,Gaye,Gribbins
smcilwreath2@taobao.com,AjCbJV2,Sherill,McIlwreath
ksalliere3@time.com,8vjZefT4YD,Kenyon,Salliere
wskpsey4@google.com.hk,cfGwiDdiXp,Ward,Skpsey
vcapel5@creativecommons.org,oCFSIqT,Viole,Capel
gcridlan6@linkedin.com,1205JjNt,Gawain,Cridlan
hcorkitt7@dailymotion.com,w9J8mQtgg4,Herc,Corkitt
jbillson8@foxnews.com,Sr0XRcTXSTi4,Jedediah,Billson
chanselman9@zdnet.com,s1B1MN,Clerkclaude,Hanselman
popfera@istockphoto.com,znDopXEfxlZ,Petronille,Opfer
lcrombieb@google.pl,VUFA6m,Lynett,Crombie
rdmitrc@constantcontact.com,bt6k5bc3k,Ricardo,Dmitr
ssiaskowskid@hc360.com,UEayxJv81i,Sydney,Siaskowski
bbarklye@ftc.gov,21SGLlz,Barnard,Barkly
lcaurahf@naver.com,688Jk1rGKZv,Lenore,Caurah
apullg@51.la,2gavFu,Anne-corinne,Pull
ssnellingh@npr.org,A8aQYrY,Suellen,Snelling
lcundi@kickstarter.com,wiPQ0N2jd2i,Leonora,Cund
kkemmettj@wiley.com,SjOoDRcPef,Karlis,Kemmett
cnorcopk@illinois.edu,7Hdp6L,Clarita,Norcop
sredhousel@ehow.com,lfPYS0nZ,Somerset,Redhouse
scastagnarom@chicagotribune.com,gliUCe0,Scot,Castagnaro
wspinnacen@livejournal.com,y8tEA3EFBg,Willy,Spinnace
emellono@weibo.com,xZR9A0e,Eal,Mellon
eabrahamsenp@dot.gov,hBmuC4J0g,Erinna,Abrahamsen
pcalafateq@live.com,whIAaI,Patti,Calafate
jseysr@comsenz.com,hW3DblrOiAN,Jolee,Seys
rjedrysiks@blogspot.com,qeOIbC5BL,Roxy,Jedrysik
gpembridget@census.gov,toFOx9cola,Gwynne,Pembridge
hrelfu@amazon.de,JvQQ1l,Helga,Relf
jwhittetv@mail.ru,GX6c1EqFgh,Jamie,Whittet
rsimnelw@hatena.ne.jp,Rr2O9EQ46,Raffarty,Simnel
icoultarx@shinystat.com,4XMyJt8,Ingra,Coultar
cmaccaguey@live.com,KrVOvFH,Charleen,MacCague
etofaniniz@google.de,KKA6lx,Ellary,Tofanini
clandre10@nytimes.com,kypdDzSHv,Cyrill,Landre
kludovici11@scribd.com,YpgDZpl,Kimberley,Ludovici
dheaselgrave12@illinois.edu,H9aTdLSHd40,Donaugh,Heaselgrave
wohoey13@ihg.com,uwsNt9,Wynny,O'Hoey
tpering14@blogger.com,zBzJpMGL,Trev,Pering
ecinderey15@tiny.cc,6zsT1uzSQyu,Elfrida,Cinderey
mgaddes16@w3.org,RmdonUhyR,Mortie,Gaddes
lbaldetti17@epa.gov,rh1d4b,Lilah,Baldetti
mgraveney18@wunderground.com,wb6P1I,Mechelle,Graveney
tragles19@reuters.com,Gy91rin,Talia,Ragles
gmandy1a@pagesperso-orange.fr,cSSGPNeHC,Giselle,Mandy
edowner1b@si.edu,T83179I6LFh,Euphemia,Downer
jgeistmann1c@imgur.com,Mx3AjiKCjTz,Joaquin,Geistmann
hanchor1d@zimbio.com,YFCGWXfYL,Hilary,Anchor
vkhilkov1e@altervista.org,SCKRaQp1e,Victoria,Khilkov
hwessel1f@census.gov,3W1epbRMtwVV,Hunt,Wessel
wveivers1g@hostgator.com,81StPWIds,Webb,Veivers
pmcphate1h@utexas.edu,yWu4rJrM6,Pier,McPhate
lsheals1i@wikipedia.org,y1dqEQmu,Lennard,Sheals
rweaver1j@dion.ne.jp,di7xHDusA1zr,Ryan,Weaver
bdeegin1k@delicious.com,J2mFYN,Bruno,Deegin
lcreser1l@miitbeian.gov.cn,gVF2h24qUgV,Lauri,Creser
lpharoah1m@aboutads.info,LOSNUTk,Langston,Pharoah
rmalkinson1n@ovh.net,fSsiRcnSx4l,Rutherford,Malkinson
kjanssen1o@wikimedia.org,fTTuhQh,Kleon,Janssen
afisher1p@cocolog-nifty.com,Iuo8Dh9,Ardeen,Fisher
rbrockman1q@goo.ne.jp,uyNQ7ya0,Roth,Brockman
lcushelly1r@youtu.be,DWX4ZvlFC8Z,Lorene,Cushelly
lcaldaro1s@forbes.com,FgKsRoD,Lydie,Caldaro
dbrolly1t@vk.com,cCiyucKX6x,Devin,Brolly
chazelhurst1u@psu.edu,055V53ECC,Clayton,Hazelhurst
oclere1v@ifeng.com,VL34Zs6Joxlj,Osborn,Clere
nfosh1w@lycos.com,yc0sSzq,Norma,Fosh
grooper1x@uol.com.br,qqQbeVZbC,Gaile,Rooper
omaxwell1y@wikia.com,Td3RRf,Ode,Maxwell
mnorssister1z@oaic.gov.au,kBeGI4pdv,Mamie,Norssister
pgiacopelo20@nps.gov,QPV9iUW,Prudi,Giacopelo
nditzel21@geocities.com,J2YUwciegmtt,Niccolo,Ditzel
gjaqueme22@e-recht24.de,9e0cHpuCPJy,Glory,Jaqueme
rkenrack23@vkontakte.ru,ZbB5CPK,Robbin,Kenrack
ygillebride24@blogspot.com,Yq81jQwh0c,Yvette,Gillebride
rdedrick25@ehow.com,trc1scrUsY,Rora,Dedrick
fburth26@clickbank.net,eO2oHYYuk,Fonzie,Burth
ttenaunt27@china.com.cn,RrrzPcew9h,Tasha,Tenaunt
fforrest28@rakuten.co.jp,4osTicgh2szq,Flemming,Forrest
smacafee29@sitemeter.com,NggMLf,Selia,MacAfee
hfaughny2a@networkadvertising.org,qx9FsY8KmeK,Honoria,Faughny
sgavini2b@dropbox.com,JQEmkZw,Sandy,Gavini
wpenhaleurack2c@feedburner.com,Ittk2gueE57z,Westbrook,Penhaleurack
rmcentagart2d@furl.net,aeJ0W90Mjcw,Rogerio,McEntagart
gtapper2e@typepad.com,eskJPBal,Gerianna,Tapper
bledwitch2f@ibm.com,MjjZbA,Baillie,Ledwitch
uriddle2g@lycos.com,5JoZO5smHY0O,Urbanus,Riddle
jaaronson2h@cyberchimps.com,woc5TAE656,Juliette,Aaronson
mmuddle2i@goodreads.com,YOnivOWvV5Ym,Miriam,Muddle
foven2j@chronoengine.com,meRWF2ILv5R,Francklin,Oven
lmcgraffin2k@bing.com,CFsLMoRJ4uX,Lin,McGraffin
blockie2l@hubpages.com,7EYoMMs,Bret,Lockie
abraysher2m@rakuten.co.jp,S4OjTFhN6,Ailis,Braysher
agaynes2n@noaa.gov,fbTplr,Asher,Gaynes
aclubb2o@wordpress.com,sLV9kqjIWy5d,Audrie,Clubb
acowx2p@europa.eu,gAOZ0GhMRyX,Adelice,Cowx
dklimt2q@imdb.com,tAULPFEYZ3w,Dalenna,Klimt
mcolhoun2r@biblegateway.com,dLDGFi,Mufinella,Colhoun
vzorzin2s@dailymail.co.uk,Y2Nf68rbE,Vin,Zorzin
pdrewell2t@springer.com,eVBrZ9,Percy,Drewell
kmoniker2u@google.com.hk,oDOjSswt6rS,Kaitlyn,Moniker
binderwick2v@creativecommons.org,grIBAfQ,Bent,Inderwick
cdocwra2w@ehow.com,yzMQETxx,Cal,Docwra
sheinl2x@blogspot.com,9k4dsZ3N,Sammie,Heinl
pcodlin2y@hexun.com,8BokrGGohFbd,Pearl,Codlin
adunseith2z@vinaora.com,jSjDe4TZ9tsP,Abba,Dunseith
ckerne30@fotki.com,8iYU957uW,Catarina,Kerne
econniam31@huffingtonpost.com,xEQwoDnXFlSp,Elvira,Conniam
gchettle32@ox.ac.uk,XTLszg5,Gorden,Chettle
disakovic33@163.com,qR1PQ0AJl,Donny,Isakovic
atock34@nationalgeographic.com,NLNgHXrIje,Aileen,Tock
ylooker35@independent.co.uk,ZBWYxE,Yul,Looker
kstrettell36@auda.org.au,FCqhewjIH,Kattie,Strettell
swebburn37@apple.com,kGgKqBaO,Sula,Webburn
ajaffray38@gov.uk,5GXvjTKkj9,Adler,Jaffray
cbwy39@php.net,AZgPWVNL4,Cindy,Bwy
wallon3a@shop-pro.jp,ILKEciUvx5,Willette,Allon
ngurge3b@miibeian.gov.cn,LKE0XpK,Nicolina,Gurge
gvials3c@paypal.com,umS1nWyl,Guillaume,Vials
lteck3d@ox.ac.uk,gAH9TFOE7K,Lurleen,Teck
iseage3e@tmall.com,wKIj1IH6C,Ileana,Seage
ejoiner3f@vkontakte.ru,7F6f7cgg,Ervin,Joiner
tkneel3g@blogspot.com,07Jrk8EytI,Tucky,Kneel
mvynall3h@prnewswire.com,l0VInPE5Mplo,Malanie,Vynall
askoggins3i@google.ca,oOw9i72,Amble,Skoggins
gjackett3j@fc2.com,xCEErLENb,Giacopo,Jackett
mhouten3k@booking.com,9CpZbvClI2pN,Morgen,Houten
jcarvilla3l@arizona.edu,V3fCoR7GArD,Johny,Carvilla
rkift3m@wunderground.com,VCyw6zUX,Reinhard,Kift
jpeekevout3n@house.gov,koW5rH,Jard,Peeke-Vout
henever3o@thetimes.co.uk,IajsFU4JEIMo,Hatty,Enever
elednor3p@ehow.com,5NtjU9P,Elset,Lednor
mjermy3q@hostgator.com,1kgK1Y,Mercie,Jermy
elundbech3r@360.cn,CtauUZM,Etta,Lundbech
kullyott3s@sina.com.cn,s04HZga43IRj,Kelsi,Ullyott
statem3t@yahoo.com,sAt4oXhEbq,Salomon,Tatem
egatehouse3u@taobao.com,6zqWQz0Fz,Ellswerth,Gatehouse
kcuphus3v@ebay.co.uk,EsCimQAFo,Kirby,Cuphus
llettice3w@google.co.uk,6a9Se7pSu6,Lyndel,Lettice
challworth3x@ft.com,57EzSM,Claudius,Hallworth
rodempsey3y@springer.com,5YDTeFoKn8j,Rad,O'Dempsey
akennifeck3z@nyu.edu,qi3a4MYcm84,Alisander,Kennifeck
pdeguerre40@washingtonpost.com,t1fDC2d,Pammi,de Guerre
hmulles41@nsw.gov.au,UI6gnBPZJv7P,Hewet,Mulles
uhradsky42@msn.com,cnLw1qsg,Ulises,Hradsky
dbrewett43@archive.org,V90KbDrPxQ,Danita,Brewett
dokennavain44@rambler.ru,xbEEXVn9e,Donni,O'Kennavain
koloughnan45@posterous.com,ubMQC2,Keefe,O'Loughnan
abrumfitt46@wix.com,quRybL,Andris,Brumfitt
crickword47@bluehost.com,lkzB9dXX2,Curtice,Rickword
rmccerery48@sciencedaily.com,WTL2dI6qIYjA,Raul,McCerery
aglencros49@skyrock.com,SJoSnMwWXDeN,Artemas,Glencros
lhemerijk4a@youtu.be,IkzjcZqpaq,Loutitia,Hemerijk
stabram4b@theglobeandmail.com,AxYKbfIT,Samuel,Tabram
bgaskall4c@multiply.com,f55lMKnYWbxo,Brana,Gaskall
ngarz4d@artisteer.com,MxLiByR,Nicki,Garz
fwhanstall4e@guardian.co.uk,OUdlOJbdb72T,Filmer,Whanstall
csparke4f@miitbeian.gov.cn,tACxA3aPn1y,Christine,Sparke
pgrist4g@plala.or.jp,d4ADJzF,Patton,Grist
zorlton4h@sun.com,XDKx89RoMGw,Zeke,Orlton
hmackrill4i@cocolog-nifty.com,gT8sooihc8q,Hewe,Mackrill
jlafontaine4j@cargocollective.com,5vuVDC1TGm,Jacquenetta,Lafontaine
sriquet4k@hhs.gov,vX5a6IL,Stormie,Riquet
fwickes4l@tinypic.com,N9gsgidcNDXS,Felipe,Wickes
sadamkiewicz4m@yelp.com,Fk2dVK,Saw,Adamkiewicz
cbrain4n@wikipedia.org,yzmlIBGYyXG,Colene,Brain
gelliott4o@mtv.com,jmTpSe4D2CIW,Griffith,Elliott
gephgrave4p@shareasale.com,12pb7f,Gretel,Ephgrave
mgalley4q@reuters.com,EvFDk2b,Michele,Galley
yschurig4r@cdbaby.com,FXGQuh2dq,Yvonne,Schurig
dplose4s@abc.net.au,GklC0JBvfAX6,Doreen,Plose
bswane4t@nature.com,NptQe8KP9y9,Bobbye,Swane
edenisovich4u@yahoo.com,pJWsHqgFvUs,Evered,Denisovich
cludovici4v@over-blog.com,FaeAPh3g,Conrado,Ludovici
ltindle4w@tumblr.com,EGkomHM,Louise,Tindle
kgittose4x@geocities.com,fPHqvQB,Ketti,Gittose
sfarrah4y@hp.com,AN3eyIyGAX,Shel,Farrah
qgiovanitti4z@privacy.gov.au,wNzSOEFn,Quinta,Giovanitti
lgerrell50@ifeng.com,mKnGWO,Lianne,Gerrell
ggladden51@barnesandnoble.com,XVLBaIrLa,Garry,Gladden
bcorley52@paginegialle.it,cAOalJpNSqB,Buffy,Corley
igreves53@digg.com,RfafFU,Isaac,Greves
jhosby54@aboutads.info,asnwn5,Johannes,Hosby
hdurman55@va.gov,jAgS2GwZLbR0,Hamid,Durman
yleggan56@washington.edu,M7wqC2btUYt,Yance,Leggan
aleal57@mit.edu,uTvZr2HZ7,Anatol,Leal
mnappin58@narod.ru,00UDfCU,Monica,Nappin
dnaismith59@pcworld.com,KgQKlysGFlZu,Desdemona,Naismith
gkerins5a@elpais.com,BaNb3MwF,Greg,Kerins
governell5b@kickstarter.com,WPb6HO,Giavani,Overnell
dblenkinsop5c@cisco.com,XtHONV5f,Doe,Blenkinsop
schurchlow5d@imgur.com,fiq1Udo,Scarlet,Churchlow
hreckus5e@bizjournals.com,g6A4lV0ye,Hope,Reckus
ostrete5f@hud.gov,UaLskoA,Otho,Strete
jverheyden5g@yolasite.com,ybdNuDONVo,Jervis,Verheyden
sbasili5h@archive.org,9PqyXgMXian,Shaylynn,Basili
rhaldane5i@miibeian.gov.cn,u8OdZWOba,Raychel,Haldane
csantoro5j@unicef.org,fhIq8r0,Chane,Santoro
gadnet5k@hp.com,yvA6ZnJRHjI,Godiva,Adnet
abreton5l@histats.com,JJWQ6McBmrp,Ardith,Breton
mbly5m@sfgate.com,CzlAyz,Merill,Bly
ooleszcuk5n@google.co.uk,5i4wqvOp12s,Orran,Oleszcuk
gkeizman5o@usnews.com,bU4yHHF,Gerardo,Keizman
jbines5p@wired.com,nQjOam,Jaimie,Bines
sheliar5q@imageshack.us,FFsdal5RF,Shepperd,Heliar
maberdein5r@booking.com,zxGp328,Mercie,Aberdein
rdelafeld5s@naver.com,RS2kffF1eV6m,Rochette,De la Feld
dmainstone5t@weather.com,W3YW1M54I,Dara,Mainstone
mragless5u@theatlantic.com,P3krxRknb,Maisie,Ragless
kmcdowell5v@narod.ru,vy6vf39f4,Kriste,McDowell
bsambrok5w@cisco.com,v65t5SGoSY,Brantley,Sambrok
dmacrory5x@livejournal.com,yeYwQE,Deane,MacRory
ocosh5y@blogs.com,hCXlCZYQX,Olag,Cosh
fcarik5z@mac.com,NDRsm2,Florance,Carik
chethron60@joomla.org,dCnIN3d,Christi,Hethron
equartley61@ebay.com,ng0xKtN,Enrique,Quartley
aleathers62@jimdo.com,GjJUaQpkAjf,Alma,Leathers
zfindlater63@marketwatch.com,rCpOx7c,Zeb,Findlater
rlott64@xinhuanet.com,8Qi0TTNGq,Rinaldo,Lott
cfeifer65@bravesites.com,CIvW1hvE5,Charlot,Feifer
cgaiger66@opera.com,FdjpqEUU,Curran,Gaiger
avear67@berkeley.edu,i29slUAB,Angy,Vear
jrigts68@noaa.gov,J73h7jCNyc,Jermayne,Rigts
mkleingrub69@issuu.com,vjwPtx6my,Marita,Kleingrub
bcarren6a@abc.net.au,snoRE8,Basile,Carren
kgornal6b@columbia.edu,DaYMoZcUuowv,Kennie,Gornal
basquez6c@msu.edu,7XYTXMhi,Bamby,Asquez
dleacy6d@bing.com,65Eiu1,Demetria,Leacy
gsherrington6e@bloomberg.com,nebYFWOGO,Garek,Sherrington
cdyers6f@jalbum.net,5lhXHg0Q,Cyril,Dyers
aadriaens6g@fema.gov,J9UyYyWG,Austin,Adriaens
dduchesne6h@nature.com,LFwkRmU,Drusi,Duchesne
hodegaard6i@baidu.com,u3qpYw3DdOiw,Hanni,Odegaard
cdurran6j@bloglovin.com,4lp7fw9o1,Candice,Durran
amcinerney6k@blinklist.com,YfHWu2aM,Allie,McInerney
ebernardot6l@nbcnews.com,3bDdUgP,Estrellita,Bernardot
gposnett6m@fc2.com,KvY3fi,Griff,Posnett
jsandlin6n@stanford.edu,uegW9rc6cS3,Joann,Sandlin
hsoutar6o@blogtalkradio.com,9O8qI1MeE9sN,Hannah,Soutar
brubbert6p@tinyurl.com,xnQvXX5PLeH,Brock,Rubbert
cskillicorn6q@bluehost.com,FDV1o33rKb,Caralie,Skillicorn
qtompkinson6r@dell.com,Xjq2OFm3e,Quillan,Tompkinson
ktwigg6s@github.io,BIIm7ivw,Kay,Twigg
tmckeady6t@reverbnation.com,Zpo1d9Xlth,Tiffie,McKeady
htutsell6u@harvard.edu,FY5igsNunjiK,Humphrey,Tutsell
smcvity6v@mysql.com,q5DoZdTwgh,Shandy,McVity
bschrinel6w@storify.com,XtzEFeAzMxX,Blair,Schrinel
aissit6x@loc.gov,iAeLOb9l,Ardyce,Issit
myoull6y@washington.edu,XOSmdpaFlx,Maggi,Youll
schristie6z@sun.com,FOaq3Uc9UAc,Sallyann,Christie
npeakman70@webs.com,ff585h,Nickola,Peakman
ddouche71@ucoz.ru,WoF3hS95qtB,Doralin,Douche
crichemond72@csmonitor.com,LNUZgi,Chucho,Richemond
mgalle73@nymag.com,IumCtay,Matelda,Galle
vhummerston74@nytimes.com,WW7RTz,Vickie,Hummerston
bcourtenay75@w3.org,RvauwV,Boothe,Courtenay
rbutterick76@i2i.jp,r39L6X1c1,Robbyn,Butterick
atukely77@skype.com,jZbeIR,Angeli,Tukely
jkopf78@walmart.com,E4zhKfSyt,Jasun,Kopf
kfarleigh79@merriam-webster.com,rRwZ90tr94K,Konstantine,Farleigh
wchateau7a@github.com,QsCbFTs,Wrennie,Chateau
cdunford7b@wikispaces.com,KPAF1CDQy,Carlin,Dunford
tdeeny7c@youku.com,2rYCYCw7I7,Toinette,Deeny
aspileman7d@upenn.edu,e1qiMB2ra95,Alberta,Spileman
snudds7e@toplist.cz,Vksx9JWaDTLy,Stefa,Nudds
vemerine7f@yellowpages.com,2XHqOb,Verne,Emerine
bferschke7g@com.com,OQ7MHVzVm,Bonny,Ferschke
bsimmens7h@ox.ac.uk,Tso8HlsI,Bartram,Simmens
rswoffer7i@gov.uk,IGEJh4warT5w,Rodrique,Swoffer
rladbrook7j@wordpress.com,NxnrHp3dl,Rogerio,Ladbrook
neassom7k@globo.com,FAOHGVih7Tw7,Nessa,Eassom
iadamo7l@techcrunch.com,agYzviEb6R,Irving,Adamo
jscanlin7m@163.com,3Xl4wpPY,Janice,Scanlin
hpinnick7n@dell.com,uXxjH7JmlKr,Hayward,Pinnick
ctemplman7o@google.co.uk,jBjhDBiZ2oWc,Chev,Templman
bandreia7p@hatena.ne.jp,2YzUMHFG3,Beret,Andreia
tjeannesson7q@list-manage.com,oMIP5Nf2MV,Thorpe,Jeannesson
frickhuss7r@devhub.com,oBqXOMNrV,Fidelia,Rickhuss
tkisbey7s@moonfruit.com,IEeVXAiiLDVj,Tommie,Kisbey
twasselin7t@zimbio.com,Zi3Kb8Qh,Torry,Wasselin
hamoss7u@vistaprint.com,uTnd93gGMbB4,Hyacinthie,Amoss
nmalin7v@ycombinator.com,RyDzP1lM5a,Nicolea,Malin
rrawles7w@hibu.com,KARVtOyDSShN,Read,Rawles
cmersh7x@over-blog.com,SPJ8OkWjZ,Cris,Mersh
kgribbins7y@marriott.com,6nEMPwagNpa8,Korrie,Gribbins
kbritzius7z@skyrock.com,IzqotGYtR,Kim,Britzius
emattack80@si.edu,ZusDRJbbPWS,Eada,Mattack
ktroker81@tripadvisor.com,Hm9MBeB,Karena,Troker
iapfler82@psu.edu,KlXBynR,Isidore,Apfler
mbaskerville83@barnesandnoble.com,ZaX9K5,Muire,Baskerville
gdeely84@newyorker.com,XV9eehwS0,Gawain,Deely
fvalentine85@seesaa.net,Rh6hW5yA,Farrah,Valentine
bashworth86@flavors.me,ecsvSCBgv,Bride,Ashworth
dbradman87@biglobe.ne.jp,whNuRJ6,Dael,Bradman
rerrichi88@g.co,e289loo,Raymund,Errichi
hmcdell89@moonfruit.com,LnYvdnydW7B,Hale,McDell
bsoots8a@jiathis.com,JahbqlSa,Briney,Soots
sbayston8b@army.mil,kaMTw5fhnlMX,Starlene,Bayston
pdyter8c@symantec.com,rWoJRANJfh,Papageno,Dyter
ttilburn8d@abc.net.au,iCrZm9S9,Toby,Tilburn
lkroin8e@webmd.com,VYrW38s,Lucy,Kroin
tzorro8f@istockphoto.com,fLlS6nGj,Talya,Zorro
nallsobrook8g@istockphoto.com,1ygNpXEUHWT,Nessi,Allsobrook
abernardoni8h@sbwire.com,6fkuD7g,Aksel,Bernardoni
bsandey8i@edublogs.org,Y97392,Bertha,Sandey
mlemasney8j@msn.com,kMXV7XaO,Mendy,Lemasney
fwheway8k@freewebs.com,6r6hj35,Fania,Wheway
iwebbe8l@imgur.com,lf47BI,Ingar,Webbe
cpagin8m@t.co,cbZOEgvhf,Cody,Pagin
jbraine8n@google.co.uk,MEGA9PX8,Joellen,Braine
chaliburn8o@pinterest.com,K1gXxfhwi,Corabel,Haliburn
ocorr8p@blogspot.com,Iz6VgQK7psqD,Olia,Corr
nantrack8q@phoca.cz,fQot43TvV0w,Normy,Antrack
alillistone8r@timesonline.co.uk,fAeBcA8u,Austine,Lillistone
siskowitz8s@archive.org,d8JeUY2J,Simona,Iskowitz
fbrockhurst8t@4shared.com,c1t0hedoep,Faunie,Brockhurst
mlafaye8u@abc.net.au,5CPZUuQB33O,Meggi,Lafaye
cmuffin8v@about.com,p7hT1tdl,Cyb,Muffin
fhuet8w@networksolutions.com,abxmxI,Fleming,Huet
ndevaen8x@yandex.ru,2TqCzgE,Nahum,de Vaen
imoran8y@house.gov,z331vDicwcZ,Isabel,Moran
pkimmerling8z@latimes.com,wnJ55QgtY,Prescott,Kimmerling
lbetham90@nasa.gov,89EdnvFegO,Lilah,Betham
gmuzzi91@buzzfeed.com,8BIb2WA,Guthrey,Muzzi
tbilsford92@blogtalkradio.com,kFanCKuraN9,Tore,Bilsford
mgrinston93@foxnews.com,dttmMhz,Monika,Grinston
mcaw94@blogspot.com,FUgfSM,Morrie,Caw
istpaul95@biblegateway.com,Nl6rKz9Ei9i2,Ingemar,St. Paul
mtaudevin96@tinypic.com,3pYbnIsGXDJb,Moritz,Taudevin
ksaill97@about.com,rudztbiBKFR4,Karlik,Saill
sjerisch98@t-online.de,1IQkgjqQ2ra,Saree,Jerisch
agoodale99@webeden.co.uk,OnciEDqU,Atlanta,Goodale
ptregiddo9a@rambler.ru,m4MPPLIi2si,Pippa,Tregiddo
radamovicz9b@google.cn,wcvBZC2FYN,Reinaldos,Adamovicz
spointon9c@purevolume.com,lLpLClNKh,Susie,Pointon
bwillmore9d@vinaora.com,55ujQ8QBGyz,Blake,Willmore
nsherrin9e@google.co.uk,mzlcywZT4TN5,Nedda,Sherrin
gcostock9f@deliciousdays.com,YwbJUD128j,Georgi,Costock
fchicchetto9g@theguardian.com,03RH0LqQoPz,Frankie,Chicchetto
nthirlaway9h@sina.com.cn,OHc4lrUVWEf1,Nat,Thirlaway
bbaggett9i@tripadvisor.com,5U8dolunz0g,Britt,Baggett
jcuskery9j@bigcartel.com,A8CpQWaYcxlY,Jennie,Cuskery
gdowman9k@upenn.edu,039QCFuJF,Godart,Dowman
idowty9l@nps.gov,5wOpJxR5,Ignaz,Dowty
tbotwright9m@geocities.jp,2YSP42wugN0,Tommi,Botwright
ltotton9n@xing.com,Af91s1Sn,Lesly,Totton
ebartholin9o@boston.com,WDLVxK5ydqz,Electra,Bartholin
jzukierman9p@vinaora.com,igiiy1NyNJo,Jermayne,Zukierman
cbaggalley9q@upenn.edu,5qR9UWQGugV3,Carlina,Baggalley
trecke9r@photobucket.com,ZfJ8ZVz,Tyne,Recke
flancastle9s@ucoz.com,yvBCXTgi,Fawnia,Lancastle
sscully9t@rambler.ru,d3ENmGwv7q4,Sharity,Scully
mwackly9u@vkontakte.ru,Un7Msrdyz5F,Milly,Wackly
dgarrison9v@sourceforge.net,lFz2z98U,Dorthea,Garrison
msacher9w@smh.com.au,nHVCOgyLgFB5,Moses,Sacher
rtrowler9x@mtv.com,eudvwtN,Ricki,Trowler
adowtry9y@vistaprint.com,7fg1vlGQ4i,Alika,Dowtry
ashipley9z@prnewswire.com,0fK6Cn5fwoY,Adina,Shipley
ramesburya0@weebly.com,tOu5VVAzZGFi,Roselia,Amesbury
sfranzonettia1@oaic.gov.au,gHdKjr9OHc,Salim,Franzonetti
rkissella2@oakley.com,zLTvIWQ1ZYfr,Ransell,Kissell
jscarcea3@go.com,rOk9BUeWa,Janela,Scarce
agasgartha4@creativecommons.org,O0Uu5x4NL,Almeta,Gasgarth
ecordobesa5@ebay.com,QUEBJI8Y7p,Elliot,Cordobes
sleppoa6@google.it,OsId57ECk,Sheila-kathryn,Leppo
dsproulsa7@moonfruit.com,n5ZyH0UF,Dalia,Sprouls
kvancea8@gov.uk,sIDL8eZGI3DQ,Karalynn,Vance
dhymasa9@bizjournals.com,ITuI6UJCh,Derward,Hymas
fbickerstaffaa@printfriendly.com,LzWVeKOo7,Franky,Bickerstaff
rgiacomuzzoab@npr.org,tcHpwUYOiQCI,Ruggiero,Giacomuzzo
rurenac@wufoo.com,MiJ8ecR,Ruttger,Uren
draoad@de.vu,KisgVOHBM,Dyana,Rao
rmcgauganae@issuu.com,sL2pddbU9,Rakel,McGaugan
kkolisaf@istockphoto.com,IXg4he,Kikelia,Kolis
aokillag@taobao.com,RGV8pbg,Alie,Okill
sbotfieldah@squidoo.com,9BhjdK33CS98,Sharlene,Botfield
jrawlsai@cnet.com,yabdGQ,Jeni,Rawls
ncoppeardaj@quantcast.com,1auNk2,Nat,Coppeard
astedellak@fda.gov,C7eIK0EI,Andie,Stedell
ibettesworthal@ftc.gov,M52SP9FuqGS,Iggie,Bettesworth
ngaiam@oracle.com,exe6IAA,Nissie,Gai
hwaterhowsean@wikipedia.org,Qbillgq3,Hailey,Waterhowse
ashakespearao@taobao.com,YhOMEpYU,Annelise,Shakespear
bschraderap@europa.eu,dc9cefmTg,Bernardina,Schrader
rheisaq@barnesandnoble.com,DIXE1csOi,Rozamond,Heis
sbroadwoodar@dailymail.co.uk,C5u8DxMG7yz,Sherwynd,Broadwood
dantonoczykas@jalbum.net,k0eogro7c,Di,Antonoczyk
pputtat@ucoz.ru,kcSvduk,Pamella,Putt
cgwinau@delicious.com,hygkDVUu,Calli,Gwin
cscroggsav@taobao.com,sV7Aq67,Charlot,Scroggs
jtremellieraw@nbcnews.com,RQzytFi0,Jodie,Tremellier
ckiffax@soundcloud.com,vT5ql03W4,Cissiee,Kiff
hpaffittay@google.nl,TkWFQIed2,Hedy,Paffitt
rkenninghamaz@webeden.co.uk,QlP6OrwdShX,Randi,Kenningham
qsruttonb0@vkontakte.ru,EhfFm5md0cBu,Quintus,Srutton
abourdiceb1@zimbio.com,HK4fBpXHtIB,Aliza,Bourdice
agrubbeb2@taobao.com,2tTJaky3ku,Abeu,Grubbe
efinkerb3@tripod.com,Z3Tzsm,Emmott,Finker
lwhalesb4@vkontakte.ru,1wgvgYOsv,Lindy,Whales
mgartlandb5@dailymotion.com,kebfWAw,Maren,Gartland
cfriddb6@ustream.tv,MNpp67,Clemens,Fridd
rcoveyb7@pagesperso-orange.fr,RF7GndL,Ring,Covey
whallettb8@weibo.com,2XR89t,Wilek,Hallett
alevingtonb9@nsw.gov.au,3vWi1jUN5aI,Adriena,Levington
hpantecostba@squidoo.com,sHIIvj05W,Hagen,Pantecost
kcasleybb@parallels.com,83ORMR,Katine,Casley
svanveldebc@fc2.com,t4q4dcebrldj,Sayer,Van Velde
cmaryanbd@twitpic.com,6ZLBlNg,Camala,Maryan
admtrovicbe@gmpg.org,VTt8EmhgtFGt,Angie,Dmtrovic
dgathererbf@typepad.com,2jbhyC,Daisey,Gatherer
ptaffeebg@nps.gov,Yi0Zw5C2,Pennie,Taffee
bjessbh@boston.com,1oKlC99P,Bryn,Jess
fislipbi@tinypic.com,DlmvjFY,Freddy,Islip
ggouldbj@sciencedirect.com,cb9V1j2twDY,Gwenni,Gould
mchorltonbk@economist.com,i11sH1o1h,Mead,Chorlton
gdaelmanbl@apache.org,1laaxY4oDx,Gabie,Daelman
hcolletonbm@economist.com,4Grqf3wAN2,Hannis,Colleton
njulyanbn@domainmarket.com,sbrRLK,Nikoletta,Julyan
ccasfordbo@blogs.com,oZbDCu,Curran,Casford
fbonnerbp@vistaprint.com,0mmW7aOIr,Fabio,Bonner
agounybq@bluehost.com,8Q3IsyNuMVV,Alexina,Gouny
kdytebr@uol.com.br,iQNxhSOAs,Kynthia,Dyte
sfoxtenbs@ovh.net,eZIqW4,Sheeree,Foxten
nsavegebt@usgs.gov,bizO1xndIPi,Nerissa,Savege
rtinmanbu@ebay.co.uk,o4YMTJ,Ross,Tinman
lsherynebv@businesswire.com,PZs7wY9X,Livvie,Sheryne
ftroubridgebw@gizmodo.com,jpvSI78eD5c8,Frederich,Troubridge
jlodewickbx@ning.com,DFAkXk,Jarrid,Lodewick
mlednorby@toplist.cz,nadLsyYu,Marcelline,Lednor
kjoyesbz@g.co,DBAIyEnR,Karol,Joyes
chendrenc0@umn.edu,SJ8m9CVwMqo,Carolina,Hendren
jscholtec1@dedecms.com,yJ7ye1,Jami,Scholte
pstclairc2@youku.com,rkjeF9w,Pacorro,St. Clair
kdroverc3@gov.uk,q89tauNi,Kingsly,Drover
yhardwayc4@themeforest.net,eXmZbD1dNr,Yehudi,Hardway
nkemingc5@pbs.org,MtQ8rnWp,Nessi,Keming
dwhitchurchc6@answers.com,ezdQe1MOs0E8,Drud,Whitchurch
nchristophec7@theglobeandmail.com,ZWnTI9z9c,Noell,Christophe
dtoderbruggec8@shareasale.com,chJSVc8,Devina,Toderbrugge
lwestbergc9@slideshare.net,yh8Oc7Z12V,Lorilee,Westberg
mpeterca@java.com,HTEUsZzsFM,Maurizia,Peter
jrosendahlcb@devhub.com,bYgyQLYyLy,Jennilee,Rosendahl
cmenguecc@51.la,xtSE7NLsQ9o,Cathee,Mengue
rcawkwellcd@reverbnation.com,N0fdJlYJ,Rog,Cawkwell
smunroce@chron.com,5H1nQhtKS5YG,Sharron,Munro
earnoutcf@nyu.edu,G6jRHz8FVqRF,Erwin,Arnout
bmoricancg@behance.net,kX4sNzn9OezO,Belicia,Morican
rgowingch@intel.com,HjWDN4PNL7,Robinette,Gowing
nmontierci@networksolutions.com,aomsMZ,Ned,Montier
ewenzelcj@yahoo.com,4RFbSf,Erda,Wenzel
vbowyerck@4shared.com,3GgIRMW,Valli,Bowyer
nofogartycl@deliciousdays.com,gH6lhq0caiV,Neil,O'Fogarty
kluckhurstcm@topsy.com,VEomQ2,Keith,Luckhurst
jortlercn@irs.gov,NuSTZ4,Jennica,Ortler
alockartco@nhs.uk,4zgyXcq3tcA6,Ansley,Lockart
wmordecp@goo.gl,kuomxlV3WHiE,Walker,Morde
spettiwardcq@toplist.cz,0Uxxo6oS2N,Sande,Pettiward
mabrahamsencr@dagondesign.com,qyRCGnwD5V8,Marshal,Abrahamsen
eperrellecs@yahoo.com,3IaNIgwuxW,Edd,Perrelle
rblackstonct@fema.gov,2sEI9Xi,Roseann,Blackston
mcoverdalecu@a8.net,En0sksn,Merrel,Coverdale
wbeauvaiscv@nsw.gov.au,H8XRNve,Wyn,Beauvais
ggoshawkcw@ted.com,WcFtOYBth,Gian,Goshawk
lhalidaycx@rambler.ru,fXNQxuqPy,Lindsay,Haliday
aboldersoncy@businessinsider.com,C5Fq5GH2wXXF,Anny,Bolderson
dcordellcz@facebook.com,gqqQbtqV,Duane,Cordell
eculshawd0@census.gov,qZTQQAIZ8,Evey,Culshaw
etrand1@about.me,ItC7wGwCD,Elka,Tran
telgerd2@wired.com,RfIxUG,Tucker,Elger
eowensond3@histats.com,vFf3qkWBQgRE,Elaina,Owenson
talbisserd4@virginia.edu,Vg6XnwTHw,Theodor,Albisser
dshewand5@yandex.ru,k7CU4fct,Danyette,Shewan
lyarrelld6@nih.gov,Onus72vA4,Leila,Yarrell
glesekd7@dailymotion.com,aCPT9cf,Grady,Lesek
abellod8@bloglines.com,iKvXFNMMlDMo,Aviva,Bello
scrusd9@economist.com,5Bn5vuC,Salomo,Crus
kpaxtonda@foxnews.com,4sBSiSH2NeC,Kizzie,Paxton
jcarcasdb@google.nl,dMsUbx,Jillayne,Carcas
mtetlowdc@dagondesign.com,jhFIy6gIpR,Maurie,Tetlow
sburvilldd@cdc.gov,ddOBvsemwxx,Salomon,Burvill
cwissonde@illinois.edu,kHlInTl5F,Clemence,Wisson
rmatijevicdf@businessweek.com,XInAjBoJT,Raimundo,Matijevic
cmustoedg@reverbnation.com,vwCg8ITRfKki,Cindelyn,Mustoe
vgapperdh@nhs.uk,Gv2QXfkt73,Veronica,Gapper
speiserdi@nydailynews.com,p2edZu,Sally,Peiser
slellodj@cbsnews.com,T70h3MXKB2q,Skylar,Lello
ckohnertdk@webmd.com,6TTVGWCiP,Crissy,Kohnert
msidebothamdl@umich.edu,RDk8suma0Tq,Marty,Sidebotham
awarnockdm@live.com,mI4hQSHU2Zy,Arline,Warnock
bmapstondn@dyndns.org,KDRSMr,Blinni,Mapston
kheggesdo@example.com,xY01yqBa,Konrad,Hegges
mortetdp@sbwire.com,QUWo9Iz,Marilin,Ortet
mbonnickdq@psu.edu,4054AzHp,Minor,Bonnick
bmoynedr@tinyurl.com,fgMgv1q,Birch,Moyne
bhalshods@ftc.gov,fwWG7Isgo,Bev,Halsho
jtoaldt@dyndns.org,KDq6pe1JEn,Juliann,Toal
lgillebertdu@google.cn,YH8OWMHG,Locke,Gillebert
coconnelldv@webeden.co.uk,JEKpoxY7s1J,Cecil,O' Connell
